text,date,source,rating
"This product exceeded my expectations. Amazing quality and fast shipping!",2024-01-15,amazon,5
"Terrible customer service. Wait times are absurd.",2024-01-16,twitter,1
"Pretty good overall. Some minor issues but worth the price.",2024-01-17,trustpilot,4
"Worst purchase I've made. Completely broke after two weeks.",2024-01-18,facebook,1
"Excellent experience from start to finish. Highly recommend!",2024-01-19,reddit,5
"It's okay. Nothing special but does what it's supposed to do.",2024-01-20,amazon,3
"The product is fine but the delivery took forever.",2024-01-21,twitter,2
"I love it! Best investment I've made this year.",2024-01-22,instagram,5
"Disappointed. Quality is not what was advertised.",2024-01-23,trustpilot,2
"Outstanding customer support! They solved my issue immediately.",2024-01-24,reddit,5
"Waste of money. Don't buy this.",2024-01-25,facebook,1
"Very satisfied with my purchase. Great value.",2024-01-26,amazon,4
"Meh. Could be better for this price point.",2024-01-27,twitter,2
"Absolute game-changer! Can't imagine life without it.",2024-01-28,instagram,5
"The battery life is disappointing.",2024-01-29,trustpilot,2
"Fantastic! Works perfectly and looks great.",2024-01-30,amazon,5
"Customer support was unhelpful and rude.",2024-01-31,twitter,1
"Good quality overall. Had a minor issue but was resolved quickly.",2024-02-01,reddit,4
"Not recommended. Broke on arrival.",2024-02-02,facebook,1
"Perfect! Exactly what I was looking for.",2024-02-03,amazon,5
